a0,b1,c2,d3
0,DEADQUOTE_THOSE_WHO_PLOT_THE_DESTRUCTION,Those who plot the destruction of others often perish in the attempt. - Thomas Moore,
1,DEADQUOTE_IN_TAKING_REVENGE_A_MAN,In taking revenge, a man is but even with his enemy; but in passing it over, he is superior. - Francis Bacon,
2,DEADQUOTE_ONE_GOOD_ACT_OF_VENGEANCE,One good act of vengeance deserves another. - Jon Jefferson,
3,DEADQUOTE_YOU_CANNOT_GET_AHEAD,You cannot get ahead while you are getting even. - Dick Armey,
4,DEADQUOTE_DONT_GET_MAD_GET_EVEN,Don't get mad, get even. - Robert F. Kennedy,
5,DEADQUOTE_REVENGE_IS_PROFITABLE,Revenge is profitable. - Edward Gibbon,
6,DEADQUOTE_AN_EYE_FOR_AN_EYE_MAKES,An eye for an eye makes the whole world blind. - Gandhi,
7,DEADQUOTE_IF_AN_INJURY_HAS_TO_BE,If an injury has to be done to a man it should be so severe that his vengeance need not be feared. - Machiavelli,
8,DEADQUOTE_LIVE_WELL_IT_IS_THE_GREATEST,Live well. It is the greatest revenge. - The Talmud,
9,DEADQUOTE_REVENGE_AT_FIRST_THOUGH,Revenge, at first though sweet, Bitter ere long back on itself recoils. - John Milton,
10,DEADQUOTE_BEFORE_YOU_EMBARK_UPON,Before you embark upon a journey of revenge, you should first dig two graves. - Confucius,
11,DEADQUOTE_DISSENT_REBELLION_AND,...dissent, rebellion, and all-around hell-raising remain the true duty of patriots. - Barbara Ehrenreich,
12,DEADQUOTE_A_CITIZEN_OF_AMERICA,A citizen of America will cross the ocean to fight for democracy, but won't cross the street to vote... - Bill Vaughan,
13,DEADQUOTE_I_WAS_BORN_AN_AMERICAN,I was born an American; I will live an American; I shall die an American! - Daniel Webster,
14,DEADQUOTE_WE_MUST_NOT_CONFUSE_DISSENT,We must not confuse dissent with disloyalty. - Edward R. Murrow,
15,DEADQUOTE_PATRIOTISM_IS_YOUR_CONVICTION,Patriotism is your conviction that this country is superior to all others because you were born in it. - George Bernard Shaw,
16,DEADQUOTE_PATRIOTISM_IS_A_ARBITRARY,Patriotism is a arbitrary veneration of real estate above principles. - George Jean Nathan,
17,DEADQUOTE_A_MANS_FEET_MUST_BE_PLANTED,A man's feet must be planted in his country, but his eyes should survey the world. - George Santayana,
18,DEADQUOTE_PATRIOTISM_RUINS_HISTORY,Patriotism ruins history. - Goethe,
19,DEADQUOTE_ASK_NOT_WHAT_YOUR_COUNTRY,Ask not what your country can do for you, but what you can do for your country. - John F. Kennedy,
20,DEADQUOTE_THE_NATION_IS_DIVIDED,The nation is divided, half patriots and half traitors, and no man can tell which from which. - Mark Twain,
21,DEADQUOTE_IF_YOU_WANT_A_SYMBOLIC,If you want a symbolic gesture, don't burn the flag; wash it. - Norman Thomas,
22,DEADQUOTE_I_WILL_FIGHT_FOR_MY_COUNTRY,I will fight for my country, but I will not lie for her. - Zora Neale Hurston,
23,DEADQUOTE_PATRIOTISM_IS_SUPPORTING,Patriotism is supporting your country all the time, and your government when it deserves it. - Mark Twain,
24,DEADQUOTE_A_NATION_REVEALS_ITSELF,A nation reveals itself not only by the men it produces but also by the men it honors, the men it remembers. - John F. Kennedy,
25,DEADQUOTE_I_ONLY_REGRET_THAT_I,I only regret that I have but one life to give for my country. - Nathan Hale,
26,DEADQUOTE_PATRIOTISM_VARIES_FROM,Patriotism varies, from a noble devotion to a moral lunacy. - W.R. Inge,
27,DEADQUOTE_IF_YOU_ARE_ASHAMED_TO,If you are ashamed to stand by your colors, you had better seek another flag. - Anonymous,
28,DEADQUOTE_NATIONALISM_IS_AN_INFANTILE,Nationalism is an infantile disease.  It is the measles of mankind. - Albert Einstein,
29,DEADQUOTE_IF_OUR_COUNTRY_IS_WORTH,If our country is worth dying for in time of war let us resolve that it is truly worth living for in time of peace. - Hamilton Fish,
30,DEADQUOTE_IT_IS_LAMENTABLE_THAT,It is lamentable, that to be a good patriot one must become the enemy of the rest of mankind. - Voltaire,
31,DEADQUOTE_TRADITIONAL_NATIONALISM,Traditional nationalism cannot survive the fissioning of the atom. One world or none. - Stuart Chase,
32,DEADQUOTE_WE_KNOW_WHERE_THEY_ARE,We know where they are. They're in the area around Tikrit and Baghdad and east, west, south and north somewhat. - Donald Rumsfeld,
33,DEADQUOTE_I_WOULD_NOT_SAY_THAT,I would not say that the future is necessarily less predictable than the past. I think the past was not predictable when it started. - Donald Rumsfeld,
34,DEADQUOTE_IT_IS_EASY_TO_TAKE_LIBERTY,It is easy to take liberty for granted, when you have never had it taken from you. - Dick Cheney,
35,DEADQUOTE_PRINCIPLE_IS_OK_UP_TO,Principle is OK up to a certain point, but principle doesn't do any good if you lose. - Dick Cheney,
36,DEADQUOTE_I_LOVE_AMERICA_MORE_THAN,I love America more than any other country in this world; and, exactly for this reason, I insist on the right to criticize her perpetually. - James Baldwin,
37,DEADQUOTE_AS_WE_EXPRESS_OUR_GRATITUDE,As we express our gratitude, we must never forget that the highest appreciation is not to utter words, but to live by them. - John F. Kennedy,
38,size,,
