loadoutName,CLASS_CLASS1,CLASS_CLASS2,CLASS_CLASS3,CLASS_CLASS4,CLASS_CLASS5,CLASS_CLASS1,CLASS_CLASS2,CLASS_CLASS3,CLASS_CLASS4,CLASS_CLASS5,CLASS_DEFAULT
loadoutPrimary,famas,ump45,sa80,barrett,riotshield,m4,mp5k,rpd,cheytac,riotshield,m4
loadoutPrimaryAttachment,gl,eotech,reflex,heartbeat,none,none,none,none,none,none,none
loadoutPrimaryAttachment2,none,none,grip,fmj,none,none,none,none,none,none,none
loadoutPrimaryCamo,none,none,none,none,none,none,none,none,none,none,none
loadoutSecondary,spas12,coltanaconda,at4,usp,pp2000,usp,spas12,at4,pp2000,pp2000,usp
loadoutSecondaryAttachment,silencer,tactical,none,silencer,akimbo,none,none,none,none,none,none
loadoutSecondaryAttachment2,none,none,none,none,none,none,none,none,none,none,none
loadoutSecondaryCamo,none,none,none,none,none,none,none,none,none,none,none
loadoutEquipment,frag_grenade_mp,semtex_mp,semtex_mp,specialty_tacticalinsertion,specialty_blastshield,frag_grenade_mp,semtex_mp,semtex_mp,frag_grenade_mp,frag_grenade_mp,frag_grenade_mp
loadoutPerk1,specialty_scavenger,specialty_marathon,specialty_bling,specialty_bling,specialty_marathon,specialty_fastreload,specialty_marathon,specialty_fastreload,specialty_fastreload,specialty_marathon,specialty_fastreload
loadoutPerk2,specialty_bulletdamage,specialty_lightweight,specialty_explosivedamage,specialty_coldblooded,specialty_hardline,specialty_bulletdamage,specialty_lightweight,specialty_bulletdamage,specialty_bulletdamage,specialty_lightweight,specialty_bulletdamage
loadoutPerk3,specialty_extendedmelee,specialty_heartbreaker,specialty_detectexplosive,specialty_null,specialty_extendedmelee,specialty_bulletaccuracy,specialty_extendedmelee,specialty_extendedmelee,specialty_bulletaccuracy,specialty_extendedmelee,specialty_bulletaccuracy
loadoutOffHand,concussion_grenade,flash_grenade,flash_grenade,specialty_null,concussion_grenade,concussion_grenade,flash_grenade,flash_grenade,smoke_grenade,concussion_grenade,concussion_grenade
loadoutStreak1,uav,uav,uav,uav,uav,uav,uav,uav,uav,uav,uav
loadoutStreak2,predator_missile,predator_missile,predator_missile,predator_missile,predator_missile,predator_missile,predator_missile,predator_missile,predator_missile,predator_missile,predator_missile
loadoutStreak3,helicopter,helicopter,helicopter,helicopter,helicopter,helicopter,helicopter,helicopter,helicopter,helicopter,helicopter
loadoutDeathStreak,specialty_copycat,specialty_finalstand,specialty_null,specialty_null,specialty_combathigh,specialty_null,specialty_copycat,specialty_null,specialty_copycat,specialty_copycat,specialty_copycat
